,Date,Max.TemperatureF,Mean.TemperatureF,Min.TemperatureF,Max.Dew.PointF,MeanDew.PointF,Min.DewpointF,Max.Humidity,Mean.Humidity,Min.Humidity,Max.Sea.Level.PressureIn,Mean.Sea.Level.PressureIn,Min.Sea.Level.PressureIn,Max.VisibilityMiles,Mean.VisibilityMiles,Min.VisibilityMiles,Max.Wind.SpeedMPH,Mean.Wind.SpeedMPH,Max.Gust.SpeedMPH,PrecipitationIn,CloudCover,Events,WindDirDegrees.br...,city,season
1,1948-01-01,33,30,28,32,29,26,100,95,85,29.93,29.52,29.29,8,4,0,32,20,,0.00,0,Fog-Rain-Snow-Thunderstorm,48<br />,Chicago (IL),Winter
2,1948-01-02,30,27,24,27,24,21,92,88,84,29.97,29.75,29.45,10,6,4,17,11,,0.00,0,Snow,323<br />,Chicago (IL),Winter
3,1948-01-03,32,29,26,27,25,23,92,87,79,30.06,29.96,29.81,7,5,4,14,9,,0.00,0,Snow,191<br />,Chicago (IL),Winter
4,1948-01-04,33,29,25,30,26,21,96,85,78,30.18,29.92,29.73,8,6,0,22,13,,0.00,0,Snow,304<br />,Chicago (IL),Winter
5,1948-01-05,34,31,28,31,28,24,96,86,75,30.28,30.19,30.14,10,4,2,12,8,,0.00,0,Snow,224<br />,Chicago (IL),Winter
6,1948-01-06,32,26,19,31,18,14,96,75,57,30.19,30.16,30.11,20,8,3,15,11,,0.00,0,Snow,274<br />,Chicago (IL),Winter
7,1948-01-07,37,26,15,31,21,10,88,78,66,30.18,30.06,29.93,10,4,2,10,6,,0.00,0,,174<br />,Chicago (IL),Winter
8,1948-01-08,39,32,25,37,30,22,92,86,76,29.94,29.79,29.62,10,5,1,18,7,,0.00,0,Fog,201<br />,Chicago (IL),Winter
9,1948-01-09,36,33,30,32,27,21,89,76,66,30.36,30.11,29.78,10,9,7,20,14,,0.00,0,,321<br />,Chicago (IL),Winter
10,1948-01-10,30,26,21,21,18,16,82,71,59,30.55,30.49,30.38,20,8,3,12,7,,0.00,0,Snow,294<br />,Chicago (IL),Winter
11,1948-01-11,35,30,26,30,26,21,89,81,72,30.47,30.19,29.88,15,8,4,23,13,,0.00,0,Snow,178<br />,Chicago (IL),Winter
12,1948-01-12,36,30,23,31,24,13,89,75,63,30.21,30.03,29.87,20,12,3,20,14,,0.00,0,Snow,278<br />,Chicago (IL),Winter
13,1948-01-13,23,16,8,14,7,-3,84,69,59,30.27,30.22,30.19,20,12,2,20,13,,0.00,0,Snow,307<br />,Chicago (IL),Winter
14,1948-01-14,9,4,0,0,-8,-13,69,60,50,30.41,30.33,30.18,20,14,7,21,16,,0.00,0,,280<br />,Chicago (IL),Winter
15,1948-01-15,35,22,10,29,14,-1,92,71,54,30.10,29.93,29.81,20,9,1,26,19,,0.00,0,Snow,217<br />,Chicago (IL),Winter
16,1948-01-16,9,4,-2,1,-5,-13,73,66,57,30.56,30.39,30.11,20,10,7,23,17,,0.00,0,,272<br />,Chicago (IL),Winter
17,1948-01-17,3,-3,-9,-8,-15,-23,63,57,48,30.59,30.55,30.51,10,7,3,12,9,,0.00,0,,284<br />,Chicago (IL),Winter
18,1948-01-18,17,6,-6,3,-5,-12,76,60,46,30.58,30.50,30.36,15,6,1,14,6,,0.00,0,,207<br />,Chicago (IL),Winter
19,1948-01-19,24,14,5,20,8,-4,85,72,56,30.34,30.26,30.22,10,6,2,18,13,,0.00,0,Snow,230<br />,Chicago (IL),Winter
20,1948-01-20,37,21,5,30,16,-1,92,66,45,30.25,29.97,29.76,10,7,3,21,12,,0.00,0,Snow,203<br />,Chicago (IL),Winter
21,1948-01-21,30,16,3,27,6,-7,92,66,57,29.78,29.69,29.59,20,14,3,33,18,,0.00,0,Snow,266<br />,Chicago (IL),Winter
22,1948-01-22,14,6,-2,4,-4,-11,76,62,48,30.01,29.74,29.61,15,10,4,23,16,,0.00,0,Snow,313<br />,Chicago (IL),Winter
23,1948-01-23,14,7,0,2,-6,-13,66,60,53,30.41,30.29,30.06,15,6,2,17,11,,0.00,0,Snow,328<br />,Chicago (IL),Winter
24,1948-01-24,18,10,3,10,3,-6,80,65,53,30.38,30.31,30.24,8,5,2,12,5,,0.00,0,Snow,103<br />,Chicago (IL),Winter
25,1948-01-25,24,14,5,11,6,1,84,67,52,30.45,30.41,30.33,10,5,2,9,5,,0.00,0,Snow,207<br />,Chicago (IL),Winter
26,1948-01-26,19,12,3,10,1,-8,77,63,50,30.53,30.48,30.41,20,10,3,16,12,,0.00,0,,278<br />,Chicago (IL),Winter
27,1948-01-27,8,3,-2,-7,-10,-15,69,57,43,30.68,30.62,30.53,20,10,5,16,12,,0.00,0,,302<br />,Chicago (IL),Winter
28,1948-01-28,17,6,-6,1,-7,-13,76,58,39,30.68,30.46,30.24,15,8,3,17,11,,0.00,0,,238<br />,Chicago (IL),Winter
29,1948-01-29,24,16,7,12,5,-3,84,67,55,30.23,30.18,30.12,10,6,1,15,11,,0.00,0,,250<br />,Chicago (IL),Winter
30,1948-01-30,24,18,12,17,11,0,88,73,51,30.45,30.34,30.22,10,6,1,17,8,,0.00,0,Snow,77<br />,Chicago (IL),Winter
31,1948-01-31,21,16,10,10,5,1,74,62,54,30.44,30.38,30.32,10,6,4,18,13,,0.00,0,,66<br />,Chicago (IL),Winter
32,1948-02-01,28,19,10,14,8,0,81,63,51,30.36,30.32,30.28,10,5,2,12,6,,0.00,0,,223<br />,Chicago (IL),Winter
33,1948-02-02,30,21,12,22,12,-5,89,67,45,30.43,30.34,30.29,10,6,2,15,9,,0.00,0,,293<br />,Chicago (IL),Winter
34,1948-02-03,21,16,10,18,9,-3,88,73,51,30.42,30.29,30.04,10,6,1,14,8,,0.00,0,Snow,10<br />,Chicago (IL),Winter
35,1948-02-04,25,23,21,21,18,13,92,81,68,30.28,30.07,29.98,10,5,2,15,8,,0.00,0,Snow,61<br />,Chicago (IL),Winter
36,1948-02-05,25,18,12,14,12,8,88,73,60,30.37,30.31,30.27,7,3,1,10,6,,0.00,0,Fog-Snow,94<br />,Chicago (IL),Winter
37,1948-02-06,26,17,8,15,10,5,87,74,55,30.35,30.29,30.19,7,4,0,12,5,,0.00,0,Fog,264<br />,Chicago (IL),Winter
38,1948-02-07,28,21,12,23,16,1,85,73,61,30.25,30.06,29.94,10,4,1,18,8,,0.00,0,Snow,241<br />,Chicago (IL),Winter
39,1948-02-08,15,8,1,4,-3,-9,69,60,51,30.57,30.49,30.29,10,8,4,17,13,,0.00,0,,339<br />,Chicago (IL),Winter
40,1948-02-09,19,10,0,10,1,-10,80,64,52,30.55,30.53,30.48,10,6,1,9,6,,0.00,0,Snow,312<br />,Chicago (IL),Winter
41,1948-02-10,24,16,9,12,6,0,73,60,50,30.58,30.52,30.44,10,5,2,12,7,,0.00,0,,104<br />,Chicago (IL),Winter
42,1948-02-11,28,24,21,26,18,10,92,76,58,30.42,30.34,30.24,6,2,0,8,6,,0.00,0,Fog-Snow,67<br />,Chicago (IL),Winter
43,1948-02-12,27,19,12,21,12,2,88,69,46,30.43,30.33,30.11,10,3,1,10,8,,0.00,0,Fog,2<br />,Chicago (IL),Winter
44,1948-02-13,32,28,21,30,25,18,100,89,75,30.08,29.72,29.54,7,2,0,16,7,,0.00,0,Fog-Rain-Snow,5<br />,Chicago (IL),Winter
45,1948-02-14,28,21,12,21,13,5,82,73,53,30.47,30.08,29.59,20,12,3,20,13,,0.00,0,,284<br />,Chicago (IL),Winter
46,1948-02-15,39,22,6,31,16,1,81,71,48,30.52,30.40,30.21,10,7,2,20,9,,0.00,0,,182<br />,Chicago (IL),Winter
47,1948-02-16,46,40,34,36,32,27,86,75,65,30.21,30.07,29.94,15,9,5,22,17,,0.00,0,,211<br />,Chicago (IL),Winter
48,1948-02-17,52,42,32,39,34,29,92,77,54,30.22,30.14,30.07,10,6,3,18,9,,0.00,0,Fog,214<br />,Chicago (IL),Winter
49,1948-02-18,54,44,33,45,38,32,97,80,59,30.11,29.95,29.65,15,4,0,26,8,,0.00,0,Fog,159<br />,Chicago (IL),Winter
50,1948-02-19,52,34,16,43,25,-1,86,61,31,30.36,29.84,29.52,20,15,5,38,22,,0.00,0,,255<br />,Chicago (IL),Winter
51,1948-02-20,23,16,10,8,0,-5,62,50,37,30.60,30.53,30.39,20,11,3,18,12,,0.00,0,,333<br />,Chicago (IL),Winter
52,1948-02-21,24,18,12,10,5,-3,71,57,46,30.60,30.51,30.43,10,5,2,15,9,,0.00,0,,10<br />,Chicago (IL),Winter
53,1948-02-22,27,22,18,15,11,6,74,61,46,30.44,30.39,30.33,10,6,3,16,7,,0.00,0,Snow,73<br />,Chicago (IL),Winter
54,1948-02-23,46,34,23,31,23,15,78,66,42,30.42,30.37,30.34,10,4,2,17,9,,0.00,0,,123<br />,Chicago (IL),Winter
55,1948-02-24,43,38,34,41,35,29,96,85,76,30.38,30.32,30.27,7,4,2,20,13,,0.00,0,Fog,189<br />,Chicago (IL),Winter
56,1948-02-25,41,39,37,40,37,34,100,94,82,30.29,30.21,30.07,10,2,0,16,8,,0.00,0,Fog-Rain,239<br />,Chicago (IL),Winter
57,1948-02-26,52,42,33,37,34,32,96,81,49,30.11,30.06,30.02,10,5,1,13,9,,0.00,0,Fog,245<br />,Chicago (IL),Winter
58,1948-02-27,48,42,35,45,39,34,97,90,73,30.02,29.65,29.24,20,4,0,22,9,,0.00,0,Fog-Rain,117<br />,Chicago (IL),Winter
59,1948-02-28,44,37,30,42,29,18,97,75,59,29.98,29.55,29.20,20,13,7,39,23,,0.00,0,Rain-Snow,253<br />,Chicago (IL),Winter
60,1948-02-29,32,30,27,25,21,16,82,71,56,30.44,30.30,30.01,20,10,1,17,11,,0.00,0,Snow,356<br />,Chicago (IL),Winter
61,1948-03-01,28,27,26,26,23,16,92,81,66,30.41,30.28,30.06,8,4,0,12,5,,0.00,0,Snow,104<br />,Chicago (IL),Winter
62,1948-03-02,30,29,28,29,25,22,96,87,78,30.02,29.84,29.69,10,4,0,16,13,,0.00,0,Fog-Snow,57<br />,Chicago (IL),Winter
63,1948-03-03,28,28,27,24,20,13,89,75,53,30.43,30.22,30.08,10,6,1,20,14,,0.00,0,Snow,50<br />,Chicago (IL),Winter
64,1948-03-04,28,24,19,15,11,4,63,57,49,30.88,30.73,30.47,20,10,6,18,17,,0.00,0,,58<br />,Chicago (IL),Winter
65,1948-03-05,30,23,16,20,12,3,74,61,51,30.90,30.78,30.56,10,6,3,17,12,,0.00,0,,83<br />,Chicago (IL),Winter
66,1948-03-06,35,31,27,34,25,16,96,77,56,30.55,30.18,29.87,10,4,1,16,11,,0.00,0,Fog-Rain-Snow,119<br />,Chicago (IL),Winter
67,1948-03-07,35,29,21,33,22,15,92,78,66,30.11,29.87,29.79,10,7,2,24,15,,0.00,0,Fog-Snow,252<br />,Chicago (IL),Winter
68,1948-03-08,30,26,21,24,21,16,85,79,72,30.10,30.04,29.95,10,8,2,17,14,,0.00,0,Snow,255<br />,Chicago (IL),Winter
69,1948-03-09,26,20,14,17,12,6,81,71,57,30.28,30.20,30.13,10,7,3,12,10,,0.00,0,,322<br />,Chicago (IL),Winter
70,1948-03-10,18,14,10,11,4,-1,77,65,54,30.40,30.34,30.29,15,7,3,18,14,,0.00,0,Snow,349<br />,Chicago (IL),Winter
71,1948-03-11,19,14,8,13,6,0,81,75,62,30.48,30.40,30.32,10,4,1,17,11,,0.00,0,Snow,348<br />,Chicago (IL),Winter
72,1948-03-12,25,13,1,10,0,-9,73,56,38,30.52,30.45,30.37,15,8,3,18,9,,0.00,0,,231<br />,Chicago (IL),Winter
73,1948-03-13,39,26,12,27,18,6,82,68,52,30.43,30.34,30.16,10,6,2,13,8,,0.00,0,,203<br />,Chicago (IL),Winter
74,1948-03-14,51,40,30,37,30,23,88,68,54,30.14,29.89,29.68,15,10,7,22,13,,0.00,0,,189<br />,Chicago (IL),Winter
75,1948-03-15,53,48,43,51,44,34,100,86,65,29.68,29.53,29.37,10,6,3,18,14,,0.00,0,Fog-Rain-Thunderstorm,188<br />,Chicago (IL),Winter
76,1948-03-16,44,40,36,43,36,30,97,88,76,30.08,29.76,29.39,10,4,1,18,9,,0.00,0,Fog-Rain,264<br />,Chicago (IL),Winter
77,1948-03-17,48,42,35,36,33,31,96,82,58,30.30,30.21,30.09,10,4,0,15,7,,0.00,0,Fog-Rain,209<br />,Chicago (IL),Winter
78,1948-03-18,61,48,35,42,36,27,89,65,49,30.29,30.04,29.67,15,7,3,18,10,,0.00,0,Rain,151<br />,Chicago (IL),Winter
79,1948-03-19,64,55,46,57,50,42,100,89,64,29.96,29.53,29.17,20,7,0,29,15,,0.00,0,Fog-Rain-Thunderstorm,226<br />,Chicago (IL),Spring
80,1948-03-20,70,52,34,59,47,34,100,80,59,30.02,29.89,29.74,10,4,0,16,7,,0.00,0,Fog,156<br />,Chicago (IL),Spring
81,1948-03-21,66,59,51,62,57,47,97,90,81,29.75,29.69,29.64,10,8,4,23,12,,0.00,0,Fog-Rain-Thunderstorm,215<br />,Chicago (IL),Spring
82,1948-03-22,46,42,37,41,32,29,86,71,58,29.98,29.90,29.79,10,6,3,16,11,,0.00,0,,37<br />,Chicago (IL),Spring
83,1948-03-23,52,44,36,39,30,21,79,59,33,29.99,29.87,29.80,10,5,1,14,8,,0.00,0,,30<br />,Chicago (IL),Spring
84,1948-03-24,55,46,37,35,29,25,73,53,30,30.20,30.14,30.00,8,4,2,12,6,,0.00,0,,4<br />,Chicago (IL),Spring
85,1948-03-25,70,54,37,46,40,32,83,60,36,30.16,30.01,29.78,10,6,2,18,8,,0.00,0,,137<br />,Chicago (IL),Spring
86,1948-03-26,72,56,37,60,50,34,93,73,57,29.76,29.52,29.33,15,8,3,21,13,,0.00,0,Rain,176<br />,Chicago (IL),Spring
87,1948-03-27,36,33,30,34,24,16,96,77,56,30.12,29.75,29.40,15,8,0,30,21,,0.00,0,Rain-Snow,359<br />,Chicago (IL),Spring
88,1948-03-28,44,32,21,30,21,14,82,61,43,30.16,30.05,29.81,20,11,5,18,11,,0.00,0,,273<br />,Chicago (IL),Spring
89,1948-03-29,48,40,32,38,30,22,89,69,52,29.86,29.66,29.50,15,9,5,24,16,,0.00,0,Rain,241<br />,Chicago (IL),Spring
90,1948-03-30,55,41,27,46,33,21,90,70,45,29.89,29.74,29.53,10,4,1,15,8,,0.00,0,Rain,124<br />,Chicago (IL),Spring
91,1948-03-31,53,49,45,50,45,41,100,90,83,29.60,29.36,29.24,7,4,2,16,11,,0.00,0,Fog-Rain,212<br />,Chicago (IL),Spring
92,1948-04-01,43,40,34,39,31,26,86,72,51,29.97,29.81,29.61,20,9,4,14,12,,0.00,0,,275<br />,Chicago (IL),Spring
93,1948-04-02,44,39,33,34,29,25,92,71,51,30.41,30.18,29.96,15,7,2,18,8,,0.00,0,Rain,300<br />,Chicago (IL),Spring
94,1948-04-03,51,40,28,35,29,24,85,63,46,30.58,30.48,30.39,8,4,1,13,5,,0.00,0,,134<br />,Chicago (IL),Spring
95,1948-04-04,69,56,43,43,37,31,68,52,32,30.37,30.15,29.96,20,11,4,26,14,,0.00,0,,178<br />,Chicago (IL),Spring
96,1948-04-05,69,56,42,55,46,40,93,73,49,30.00,29.93,29.86,20,9,1,16,12,,0.00,0,Fog-Rain-Thunderstorm,219<br />,Chicago (IL),Spring
97,1948-04-06,60,51,42,48,43,38,90,78,62,30.09,30.03,29.97,10,4,1,14,9,,0.00,0,Fog,58<br />,Chicago (IL),Spring
98,1948-04-07,75,62,50,65,54,46,100,78,58,29.97,29.76,29.61,20,8,1,26,12,,0.00,0,Fog-Rain-Thunderstorm,155<br />,Chicago (IL),Spring
99,1948-04-08,55,46,35,46,31,23,71,58,48,30.31,30.06,29.86,20,19,15,40,20,,0.00,0,,277<br />,Chicago (IL),Spring
100,1948-04-09,46,38,30,32,26,21,82,63,39,30.52,30.44,30.34,20,11,3,18,11,,0.00,0,,354<br />,Chicago (IL),Spring
101,1948-04-10,61,50,39,44,33,27,74,53,27,30.35,30.02,29.52,20,11,6,26,16,,0.00,0,,164<br />,Chicago (IL),Spring
102,1948-04-11,66,58,48,57,44,31,90,63,34,29.81,29.48,29.30,20,15,7,34,23,,0.00,0,Rain-Thunderstorm,258<br />,Chicago (IL),Spring
103,1948-04-12,48,44,39,32,30,27,76,62,46,30.23,30.10,29.83,15,8,3,13,10,,0.00,0,,30<br />,Chicago (IL),Spring
104,1948-04-13,43,41,39,36,30,24,89,64,49,30.29,30.26,30.22,10,6,4,18,13,,0.00,0,Rain-Snow,55<br />,Chicago (IL),Spring
105,1948-04-14,55,47,39,38,35,32,86,69,49,30.22,30.19,30.13,10,6,2,15,9,,0.00,0,,46<br />,Chicago (IL),Spring
106,1948-04-15,66,52,37,46,42,35,89,66,40,30.22,30.11,29.91,15,9,3,24,11,,0.00,0,,192<br />,Chicago (IL),Spring
107,1948-04-16,62,50,39,45,36,22,72,59,39,30.40,30.11,29.85,20,13,7,24,17,,0.00,0,,356<br />,Chicago (IL),Spring
108,1948-04-17,59,46,33,32,29,25,82,53,32,30.51,30.38,30.24,10,8,3,14,8,,0.00,0,,126<br />,Chicago (IL),Spring
109,1948-04-18,78,62,46,49,40,31,58,47,33,30.22,30.08,29.95,15,14,10,20,14,,0.00,0,,170<br />,Chicago (IL),Spring
110,1948-04-19,79,70,62,58,53,45,65,53,38,29.99,29.92,29.85,20,13,7,24,16,,0.00,0,Rain,196<br />,Chicago (IL),Spring
111,1948-04-20,71,58,42,56,45,34,76,58,47,30.24,29.99,29.85,20,14,10,26,16,,0.00,0,,272<br />,Chicago (IL),Spring
112,1948-04-21,57,48,39,40,36,33,83,69,51,30.40,30.33,30.24,20,8,3,21,13,,0.00,0,,56<br />,Chicago (IL),Spring
113,1948-04-22,63,51,39,46,41,34,85,64,50,30.30,30.20,30.06,7,5,3,13,6,,0.00,0,Rain,133<br />,Chicago (IL),Spring
114,1948-04-23,82,65,48,57,52,47,93,62,35,30.06,29.96,29.87,15,8,2,18,10,,0.00,0,Fog-Rain,163<br />,Chicago (IL),Spring
115,1948-04-24,82,72,61,65,59,52,87,69,42,29.97,29.93,29.88,20,15,8,16,11,,0.00,0,Rain,200<br />,Chicago (IL),Spring
116,1948-04-25,84,72,60,61,56,53,83,57,35,29.94,29.87,29.80,20,13,8,21,10,,0.00,0,,172<br />,Chicago (IL),Spring
117,1948-04-26,73,68,63,63,59,54,90,72,61,29.87,29.84,29.80,15,10,3,16,10,,0.00,0,Rain,167<br />,Chicago (IL),Spring
118,1948-04-27,70,64,57,61,55,47,93,77,53,29.91,29.86,29.81,20,10,2,22,8,,0.00,0,Fog-Rain-Thunderstorm,272<br />,Chicago (IL),Spring
119,1948-04-28,55,52,46,46,44,42,86,74,67,30.02,29.98,29.88,20,11,3,22,15,,0.00,0,Rain,3<br />,Chicago (IL),Spring
120,1948-04-29,51,46,41,42,39,36,89,76,61,30.01,29.98,29.95,10,7,3,13,7,,0.00,0,,4<br />,Chicago (IL),Spring
121,1948-04-30,61,49,37,44,37,34,96,62,39,29.96,29.86,29.75,7,4,2,12,6,,0.00,0,Fog-Rain,56<br />,Chicago (IL),Spring
122,1948-05-01,64,55,46,48,43,31,93,69,43,29.85,29.78,29.73,8,5,2,12,7,,0.00,0,Fog-Rain,66<br />,Chicago (IL),Spring
123,1948-05-02,53,50,46,48,43,35,97,82,66,29.91,29.73,29.64,8,6,3,18,9,,0.00,0,Fog-Rain,48<br />,Chicago (IL),Spring
124,1948-05-03,63,51,39,39,36,31,86,58,32,30.05,30.00,29.92,10,6,3,12,6,,0.00,0,Fog,33<br />,Chicago (IL),Spring
125,1948-05-04,52,48,45,47,42,36,97,83,69,29.96,29.90,29.86,10,3,1,10,5,,0.00,0,Fog-Rain,32<br />,Chicago (IL),Spring
126,1948-05-05,73,58,43,51,47,43,100,68,41,29.96,29.92,29.86,20,12,1,18,7,,0.00,0,Fog,210<br />,Chicago (IL),Spring
127,1948-05-06,59,52,44,53,48,41,100,92,78,29.85,29.74,29.67,15,6,0,26,9,,0.00,0,Fog-Rain,83<br />,Chicago (IL),Spring
128,1948-05-07,54,46,39,38,34,31,80,66,46,29.95,29.88,29.78,20,14,3,23,16,,0.00,0,,14<br />,Chicago (IL),Spring
129,1948-05-08,54,44,35,38,34,31,89,71,48,30.02,29.98,29.92,8,5,3,12,5,,0.00,0,Rain,36<br />,Chicago (IL),Spring
130,1948-05-09,64,54,45,58,47,37,100,86,65,29.94,29.82,29.69,10,5,0,14,8,,0.00,0,Fog-Rain,60<br />,Chicago (IL),Spring
131,1948-05-10,48,46,43,47,44,41,100,95,90,30.06,29.97,29.84,8,2,0,17,8,,0.00,0,Fog-Rain-Thunderstorm,24<br />,Chicago (IL),Spring
132,1948-05-11,51,47,43,45,43,42,100,92,80,30.17,30.10,30.05,6,3,1,12,7,,0.00,0,Fog-Rain,6<br />,Chicago (IL),Spring
133,1948-05-12,51,48,44,47,45,42,100,91,80,30.19,30.15,30.12,10,3,1,14,7,,0.00,0,Fog-Rain,28<br />,Chicago (IL),Spring
134,1948-05-13,57,52,46,47,44,42,86,78,67,30.13,30.11,30.10,10,6,2,10,7,,0.00,0,Rain,2<br />,Chicago (IL),Spring
135,1948-05-14,66,56,45,50,44,40,97,67,44,30.14,30.09,30.03,8,5,2,8,4,,0.00,0,Fog-Rain,341<br />,Chicago (IL),Spring
136,1948-05-15,70,62,54,61,55,47,100,81,62,30.04,29.90,29.83,15,9,2,20,9,,0.00,0,Fog-Rain,211<br />,Chicago (IL),Spring
137,1948-05-16,73,62,50,51,46,42,80,57,36,29.87,29.81,29.72,20,14,7,34,12,,0.00,0,,245<br />,Chicago (IL),Spring
138,1948-05-17,68,60,53,50,48,45,83,67,45,30.05,29.96,29.76,20,11,3,17,11,,0.00,0,,331<br />,Chicago (IL),Spring
139,1948-05-18,57,52,46,48,42,36,77,67,58,30.30,30.22,30.06,20,9,5,16,8,,0.00,0,,2<br />,Chicago (IL),Spring
140,1948-05-19,64,52,41,45,41,36,86,64,46,30.38,30.32,30.24,10,5,2,10,6,,0.00,0,,24<br />,Chicago (IL),Spring
141,1948-05-20,82,63,44,59,49,41,89,58,36,30.22,30.00,29.75,20,11,1,22,9,,0.00,0,Fog,232<br />,Chicago (IL),Spring
142,1948-05-21,72,62,51,60,45,32,90,53,36,29.95,29.81,29.71,20,12,3,18,11,,0.00,0,Fog,358<br />,Chicago (IL),Spring
143,1948-05-22,79,61,43,48,42,35,80,51,33,30.02,29.93,29.82,20,14,3,14,7,,0.00,0,,282<br />,Chicago (IL),Spring
144,1948-05-23,64,55,46,48,38,31,69,58,43,30.08,29.97,29.81,20,13,10,20,11,,0.00,0,,22<br />,Chicago (IL),Spring
145,1948-05-24,60,51,42,38,35,32,82,57,39,30.20,30.14,30.08,10,7,3,13,8,,0.00,0,,35<br />,Chicago (IL),Spring
146,1948-05-25,69,56,43,46,39,35,82,55,37,30.16,30.12,30.07,20,8,2,12,5,,0.00,0,,298<br />,Chicago (IL),Spring
147,1948-05-26,72,58,44,51,40,34,80,51,26,30.13,30.07,30.00,10,5,1,9,4,,0.00,0,,99<br />,Chicago (IL),Spring
148,1948-05-27,81,64,48,52,46,40,77,51,31,30.01,29.96,29.88,15,6,1,12,5,,0.00,0,,155<br />,Chicago (IL),Spring
149,1948-05-28,78,64,50,55,45,35,72,60,43,30.03,29.95,29.89,10,7,4,17,10,,0.00,0,,351<br />,Chicago (IL),Spring
150,1948-05-29,61,54,46,43,37,32,71,57,43,30.11,30.07,30.03,20,14,10,14,11,,0.00,0,,23<br />,Chicago (IL),Spring
151,1948-05-30,69,58,48,44,37,32,68,44,25,30.17,30.13,30.09,15,9,3,13,6,,0.00,0,,33<br />,Chicago (IL),Spring
152,1948-05-31,78,64,51,43,39,34,71,41,23,30.26,30.21,30.17,20,10,2,16,4,,0.00,0,,22<br />,Chicago (IL),Spring
153,1948-06-01,80,68,55,53,44,39,69,45,24,30.25,30.21,30.18,15,5,2,10,3,,0.00,0,,46<br />,Chicago (IL),Spring
154,1948-06-02,84,70,55,52,49,44,67,46,29,30.22,30.15,30.07,7,4,1,9,4,,0.00,0,,263<br />,Chicago (IL),Spring
155,1948-06-03,90,76,61,55,53,50,72,46,25,30.08,29.98,29.85,20,7,2,12,4,,0.00,0,,288<br />,Chicago (IL),Spring
156,1948-06-04,91,78,64,60,54,50,81,48,24,29.84,29.76,29.66,20,10,3,15,7,,0.00,0,Rain,272<br />,Chicago (IL),Spring
157,1948-06-05,66,60,53,60,53,45,96,80,61,29.97,29.89,29.75,10,7,3,16,10,,0.00,0,Fog-Rain-Thunderstorm,43<br />,Chicago (IL),Spring
158,1948-06-06,62,56,51,55,51,38,97,82,44,29.96,29.91,29.84,10,6,2,15,6,,0.00,0,Fog-Rain,54<br />,Chicago (IL),Spring
159,1948-06-07,78,66,55,63,54,40,96,69,33,29.83,29.67,29.56,20,9,0,34,10,,0.00,0,Fog-Rain,285<br />,Chicago (IL),Spring
160,1948-06-08,64,60,55,55,51,49,87,70,56,29.83,29.67,29.55,20,14,3,18,11,,0.00,0,Rain,311<br />,Chicago (IL),Spring
161,1948-06-09,78,65,52,56,53,49,93,67,40,29.92,29.88,29.83,10,4,3,12,4,,0.00,0,,11<br />,Chicago (IL),Spring
162,1948-06-10,82,68,55,56,54,52,90,60,37,29.98,29.95,29.92,10,5,1,10,4,,0.00,0,Fog,99<br />,Chicago (IL),Spring
163,1948-06-11,79,70,59,63,56,50,87,66,45,29.98,29.96,29.94,10,4,3,12,6,,0.00,0,,50<br />,Chicago (IL),Spring
164,1948-06-12,63,59,55,55,52,50,100,80,65,29.96,29.90,29.85,10,5,1,18,5,,0.00,0,Rain,32<br />,Chicago (IL),Spring
165,1948-06-13,75,62,50,55,50,45,100,64,33,29.98,29.95,29.92,15,8,1,14,4,,0.00,0,Fog,154<br />,Chicago (IL),Spring
166,1948-06-14,73,63,53,57,53,49,86,69,49,29.97,29.93,29.89,15,9,4,12,4,,0.00,0,Rain,217<br />,Chicago (IL),Spring
167,1948-06-15,62,57,52,57,46,38,90,68,53,30.11,30.03,29.93,20,10,2,15,8,,0.00,0,Fog,12<br />,Chicago (IL),Spring
168,1948-06-16,69,62,54,48,41,35,80,53,30,30.19,30.14,30.09,10,8,4,9,6,,0.00,0,,30<br />,Chicago (IL),Spring
169,1948-06-17,73,60,48,49,45,37,86,58,27,30.14,30.09,30.02,10,5,2,7,4,,0.00,0,Rain,51<br />,Chicago (IL),Spring
170,1948-06-18,82,70,59,63,56,50,83,67,45,30.05,29.91,29.82,10,6,2,12,5,,0.00,0,Rain,62<br />,Chicago (IL),Spring
171,1948-06-19,63,58,53,56,53,49,96,85,65,30.17,30.01,29.86,10,5,1,15,9,,0.00,0,Fog-Rain,342<br />,Chicago (IL),Spring
172,1948-06-20,73,60,48,56,51,44,90,70,53,30.20,30.12,30.00,10,6,2,10,5,,0.00,0,Rain,56<br />,Chicago (IL),Summer
173,1948-06-21,79,70,62,75,65,57,96,85,66,30.00,29.90,29.82,10,6,2,16,9,,0.00,0,Fog-Rain,141<br />,Chicago (IL),Summer
174,1948-06-22,87,78,68,73,69,66,96,78,55,29.87,29.82,29.77,20,12,4,25,9,,0.00,0,Rain,184<br />,Chicago (IL),Summer
175,1948-06-23,88,77,66,74,70,65,100,84,59,29.89,29.83,29.79,20,13,6,24,12,,0.00,0,Rain,200<br />,Chicago (IL),Summer
176,1948-06-24,82,76,69,68,65,62,93,74,52,29.89,29.86,29.83,20,12,3,18,10,,0.00,0,,225<br />,Chicago (IL),Summer
177,1948-06-25,82,73,64,65,62,58,90,72,45,29.99,29.94,29.89,10,6,2,12,8,,0.00,0,,263<br />,Chicago (IL),Summer
178,1948-06-26,84,74,63,69,65,60,90,72,51,29.96,29.93,29.89,10,6,2,12,5,,0.00,0,Rain,205<br />,Chicago (IL),Summer
179,1948-06-27,81,75,69,72,68,66,93,83,67,29.96,29.90,29.81,20,10,0,16,8,,0.00,0,Rain-Thunderstorm,209<br />,Chicago (IL),Summer
180,1948-06-28,88,78,68,72,68,66,97,78,51,29.84,29.79,29.71,20,10,7,18,10,,0.00,0,Rain,203<br />,Chicago (IL),Summer
181,1948-06-29,77,72,66,68,64,59,96,77,62,29.87,29.82,29.76,20,12,7,15,10,,0.00,0,Rain,235<br />,Chicago (IL),Summer
182,1948-06-30,75,68,59,60,52,44,87,61,33,30.11,29.96,29.86,20,17,6,18,11,,0.00,0,,284<br />,Chicago (IL),Summer
183,1948-07-01,75,64,53,55,51,46,93,62,36,30.25,30.19,30.12,8,5,1,8,4,,0.00,0,Fog,182<br />,Chicago (IL),Summer
184,1948-07-02,93,78,63,65,60,53,72,55,38,30.15,30.08,30.00,15,13,10,21,13,,0.00,0,,208<br />,Chicago (IL),Summer
185,1948-07-03,93,82,70,68,63,56,84,59,34,30.14,30.09,30.05,15,13,7,15,10,,0.00,0,,219<br />,Chicago (IL),Summer
186,1948-07-04,87,76,64,69,63,58,81,66,47,30.13,30.10,30.07,15,10,4,12,6,,0.00,0,Rain,196<br />,Chicago (IL),Summer
187,1948-07-05,86,78,70,69,66,62,85,69,51,30.10,30.04,29.96,15,12,10,12,8,,0.00,0,,216<br />,Chicago (IL),Summer
188,1948-07-06,84,74,64,72,63,55,93,69,41,30.03,29.96,29.91,10,7,3,15,9,,0.00,0,Fog,358<br />,Chicago (IL),Summer
189,1948-07-07,78,70,61,63,59,55,90,71,56,30.10,30.05,30.00,15,8,3,8,6,,0.00,0,,41<br />,Chicago (IL),Summer
190,1948-07-08,82,72,61,62,54,46,93,56,35,30.18,30.14,30.10,15,8,5,12,5,,0.00,0,,113<br />,Chicago (IL),Summer
191,1948-07-09,89,76,62,62,59,56,93,58,35,30.18,30.11,30.04,8,5,3,12,5,,0.00,0,,121<br />,Chicago (IL),Summer
192,1948-07-10,90,80,69,72,67,61,87,69,50,30.07,30.03,29.98,8,6,2,12,4,,0.21,0,Rain-Thunderstorm,194<br />,Chicago (IL),Summer
193,1948-07-11,90,80,69,71,67,63,90,69,40,30.00,29.94,29.87,8,6,3,8,5,,0.00,0,,164<br />,Chicago (IL),Summer
194,1948-07-12,88,80,71,72,69,67,97,82,53,29.90,29.87,29.83,7,4,1,10,3,,1.07,0,Fog-Rain-Thunderstorm,240<br />,Chicago (IL),Summer
195,1948-07-13,80,75,70,70,68,65,97,82,68,29.94,29.90,29.87,10,4,2,13,5,,0.00,0,Fog,1<br />,Chicago (IL),Summer
196,1948-07-14,72,68,64,66,60,57,87,75,59,30.01,29.98,29.95,15,9,3,16,10,,0.27,0,Rain,40<br />,Chicago (IL),Summer
197,1948-07-15,80,73,66,66,62,59,93,71,52,30.02,29.96,29.88,10,5,3,12,6,,0.00,0,,79<br />,Chicago (IL),Summer
198,1948-07-16,87,78,69,71,65,58,97,69,38,29.94,29.89,29.85,15,7,0,15,7,,0.00,0,Fog,253<br />,Chicago (IL),Summer
199,1948-07-17,89,80,70,65,62,59,81,58,39,29.93,29.90,29.85,15,12,3,16,7,,0.00,0,,247<br />,Chicago (IL),Summer
200,1948-07-18,82,73,64,64,60,57,81,63,42,30.00,29.96,29.92,15,9,5,13,5,,0.00,0,,247<br />,Chicago (IL),Summer
201,1948-07-19,82,74,66,64,61,57,76,60,45,29.98,29.93,29.87,15,7,3,8,5,,0.00,0,,67<br />,Chicago (IL),Summer
202,1948-07-20,91,80,68,70,67,62,93,67,42,29.89,29.83,29.76,10,7,3,12,6,,0.00,0,,200<br />,Chicago (IL),Summer
203,1948-07-21,89,80,71,74,71,68,100,77,53,29.78,29.69,29.66,20,13,6,15,7,,0.90,0,Fog-Rain-Thunderstorm,212<br />,Chicago (IL),Summer
204,1948-07-22,88,79,70,72,68,63,93,78,44,29.74,29.69,29.65,15,9,4,14,7,,0.19,0,Rain-Thunderstorm,249<br />,Chicago (IL),Summer
205,1948-07-23,72,66,60,67,57,53,93,74,53,29.99,29.90,29.73,15,11,2,16,9,,0.00,0,Fog-Rain,333<br />,Chicago (IL),Summer
206,1948-07-24,80,68,57,59,55,51,89,62,38,30.07,30.02,29.98,15,11,4,8,4,,0.00,0,,238<br />,Chicago (IL),Summer
207,1948-07-25,82,72,61,68,62,57,96,75,54,30.00,29.88,29.74,15,9,3,20,9,,0.45,0,Rain-Thunderstorm,190<br />,Chicago (IL),Summer
208,1948-07-26,86,78,70,70,62,54,97,65,33,29.85,29.82,29.75,15,11,4,12,7,,0.00,0,Fog-Rain,246<br />,Chicago (IL),Summer
209,1948-07-27,87,78,68,65,61,56,81,61,40,29.85,29.82,29.77,15,14,7,16,9,,0.07,0,Rain,254<br />,Chicago (IL),Summer
210,1948-07-28,82,72,63,61,58,52,90,61,36,29.94,29.92,29.86,15,6,2,8,3,,0.00,0,,108<br />,Chicago (IL),Summer
211,1948-07-29,90,76,62,75,66,57,86,68,49,29.96,29.87,29.75,15,8,3,12,6,,0.00,0,Rain,170<br />,Chicago (IL),Summer
212,1948-07-30,82,76,69,75,62,53,90,60,39,29.85,29.77,29.70,15,14,10,18,14,,0.02,0,Rain,255<br />,Chicago (IL),Summer
213,1948-07-31,82,71,60,57,53,47,78,55,34,29.95,29.90,29.85,15,14,9,14,7,,0.00,0,,286<br />,Chicago (IL),Summer
214,1948-08-01,80,71,62,57,51,41,84,52,25,30.02,29.95,29.87,15,12,8,12,7,,0.00,0,Rain,280<br />,Chicago (IL),Summer
215,1948-08-02,78,68,57,56,51,49,75,55,38,30.10,30.08,30.04,15,8,3,9,4,,0.00,0,,39<br />,Chicago (IL),Summer
216,1948-08-03,75,72,68,59,55,47,73,57,43,30.10,30.08,30.06,10,8,7,12,5,,0.00,0,Rain,31<br />,Chicago (IL),Summer
217,1948-08-04,70,66,61,60,57,50,97,77,54,30.13,30.10,30.05,15,10,3,17,10,,0.76,0,Rain,14<br />,Chicago (IL),Summer
218,1948-08-05,72,64,55,57,51,42,90,64,38,30.20,30.16,30.13,15,10,6,12,8,,0.00,0,,180<br />,Chicago (IL),Summer
219,1948-08-06,77,64,51,52,48,41,80,57,35,30.20,30.15,30.10,15,7,3,8,4,,0.00,0,,349<br />,Chicago (IL),Summer
220,1948-08-07,78,70,62,53,51,48,70,51,36,30.11,30.07,30.03,10,8,3,9,4,,0.00,0,,261<br />,Chicago (IL),Summer
221,1948-08-08,72,68,63,61,59,54,93,75,61,30.09,30.07,30.04,10,5,2,8,4,,0.13,0,Fog-Rain,55<br />,Chicago (IL),Summer
222,1948-08-09,81,72,64,65,62,60,90,72,50,30.13,30.08,30.04,6,4,3,10,4,,0.00,0,,105<br />,Chicago (IL),Summer
223,1948-08-10,88,76,64,70,64,56,90,66,46,30.04,29.97,29.89,8,7,3,18,8,,0.00,0,,182<br />,Chicago (IL),Summer
224,1948-08-11,79,72,66,70,65,59,96,79,54,29.94,29.88,29.85,10,6,3,18,8,,0.48,0,Rain,220<br />,Chicago (IL),Summer
225,1948-08-12,86,75,64,65,62,54,90,71,34,29.92,29.89,29.86,15,8,4,16,7,,0.00,0,,260<br />,Chicago (IL),Summer
226,1948-08-13,75,69,63,65,61,56,97,77,51,30.02,29.96,29.91,10,7,3,10,5,,0.29,0,,58<br />,Chicago (IL),Summer
227,1948-08-14,78,69,60,60,58,55,93,70,48,30.10,30.07,30.02,15,10,6,12,7,,0.00,0,,23<br />,Chicago (IL),Summer
228,1948-08-15,79,68,57,63,59,55,93,73,52,30.10,30.07,30.01,10,6,1,9,4,,0.00,0,Fog,13<br />,Chicago (IL),Summer
229,1948-08-16,84,70,57,66,57,51,93,64,32,30.02,29.96,29.89,15,9,2,14,4,,0.04,0,Fog-Rain-Thunderstorm,257<br />,Chicago (IL),Summer
230,1948-08-17,80,70,60,68,62,58,93,79,56,29.97,29.87,29.75,15,7,1,20,6,,0.67,0,Rain-Thunderstorm,199<br />,Chicago (IL),Summer
231,1948-08-18,80,70,61,63,61,53,97,72,39,30.00,29.89,29.80,10,7,2,10,5,,0.00,0,Fog,1<br />,Chicago (IL),Summer
232,1948-08-19,77,70,62,62,58,56,90,70,50,30.10,30.06,30.00,10,7,2,10,5,,0.00,0,,35<br />,Chicago (IL),Summer
233,1948-08-20,86,72,57,65,60,56,93,68,41,30.09,30.04,29.98,15,7,1,12,4,,0.00,0,Fog,191<br />,Chicago (IL),Summer
234,1948-08-21,89,76,63,65,62,58,84,63,40,30.04,29.99,29.94,10,8,3,14,6,,0.00,0,,169<br />,Chicago (IL),Summer
235,1948-08-22,93,82,71,69,66,63,76,61,44,30.07,30.03,29.98,10,8,4,12,7,,0.00,0,,158<br />,Chicago (IL),Summer
236,1948-08-23,93,82,70,67,65,63,84,60,37,30.15,30.09,30.03,10,8,4,15,7,,0.00,0,,178<br />,Chicago (IL),Summer
237,1948-08-24,98,84,71,72,67,62,73,59,36,30.04,29.98,29.93,10,9,6,14,8,,0.00,0,,214<br />,Chicago (IL),Summer
238,1948-08-25,95,84,72,72,66,62,84,58,33,30.01,29.98,29.95,15,9,4,16,7,,0.00,0,,211<br />,Chicago (IL),Summer
239,1948-08-26,95,84,72,71,67,62,81,62,35,30.12,30.06,30.00,9,5,3,10,5,,0.00,0,,175<br />,Chicago (IL),Summer
240,1948-08-27,96,84,73,73,70,65,90,68,36,30.18,30.13,30.09,10,5,2,12,4,,0.05,0,,198<br />,Chicago (IL),Summer
241,1948-08-28,93,83,73,72,69,66,91,67,41,30.16,30.11,30.05,15,10,3,16,7,,0.00,0,,226<br />,Chicago (IL),Summer
242,1948-08-29,93,82,72,71,69,64,91,68,38,30.14,30.09,30.03,15,8,3,12,7,,0.00,0,Rain,326<br />,Chicago (IL),Summer
243,1948-08-30,79,72,66,70,61,57,90,70,50,30.12,30.07,30.01,15,11,2,14,9,,0.07,0,Fog-Rain-Thunderstorm,16<br />,Chicago (IL),Summer
244,1948-08-31,80,72,63,61,56,47,90,63,33,30.23,30.17,30.10,15,11,3,12,6,,0.00,0,,50<br />,Chicago (IL),Summer
245,1948-09-01,75,66,57,61,52,46,84,58,40,30.26,30.15,30.06,15,10,7,21,8,,0.00,0,Rain,182<br />,Chicago (IL),Summer
246,1948-09-02,81,70,60,67,60,54,87,70,54,30.06,30.02,29.98,10,5,3,10,5,,0.00,0,,95<br />,Chicago (IL),Summer
247,1948-09-03,82,73,64,65,62,55,97,73,47,30.05,30.01,29.98,7,5,1,9,4,,0.00,0,Fog,42<br />,Chicago (IL),Summer
248,1948-09-04,86,72,57,68,62,56,100,73,40,30.07,30.02,29.98,10,4,0,10,4,,0.00,0,Fog,35<br />,Chicago (IL),Summer
249,1948-09-05,84,74,64,67,63,57,93,67,42,30.04,29.98,29.91,10,6,3,12,4,,0.00,0,Fog-Rain,97<br />,Chicago (IL),Summer
250,1948-09-06,80,74,68,69,66,64,90,79,64,29.89,29.84,29.79,15,8,6,10,7,,0.04,0,Rain,127<br />,Chicago (IL),Summer
251,1948-09-07,86,74,63,67,64,59,100,73,44,29.94,29.84,29.79,15,8,0,13,5,,0.00,0,Fog,256<br />,Chicago (IL),Summer
252,1948-09-08,70,64,57,65,59,55,97,86,70,29.97,29.93,29.88,10,6,1,18,6,,1.37,0,Fog-Rain,351<br />,Chicago (IL),Summer
253,1948-09-09,73,62,51,53,48,42,89,61,32,30.07,30.03,29.98,15,11,4,10,8,,0.00,0,Rain,300<br />,Chicago (IL),Summer
254,1948-09-10,73,64,55,54,50,45,93,62,37,30.08,30.03,29.98,15,12,5,12,7,,0.05,0,Rain,263<br />,Chicago (IL),Summer
255,1948-09-11,84,70,55,63,56,51,84,65,38,29.96,29.87,29.80,15,10,5,16,7,,0.00,0,,207<br />,Chicago (IL),Summer
256,1948-09-12,89,75,61,61,59,56,90,61,32,29.98,29.92,29.87,15,12,5,17,7,,0.00,0,,208<br />,Chicago (IL),Summer
257,1948-09-13,78,71,64,64,57,52,73,61,46,30.26,30.12,29.98,15,12,5,12,9,,0.00,0,,347<br />,Chicago (IL),Summer
258,1948-09-14,72,66,60,52,49,44,72,56,37,30.35,30.29,30.21,15,12,5,12,7,,0.00,0,,77<br />,Chicago (IL),Summer
259,1948-09-15,86,68,51,56,51,46,92,57,33,30.27,30.21,30.14,10,6,2,15,6,,0.00,0,Fog,185<br />,Chicago (IL),Summer
260,1948-09-16,89,73,57,57,53,49,77,54,31,30.32,30.25,30.20,10,8,5,15,7,,0.00,0,,184<br />,Chicago (IL),Summer
261,1948-09-17,89,76,64,64,58,53,75,55,39,30.29,30.20,30.09,10,8,4,18,10,,0.00,0,Rain,205<br />,Chicago (IL),Summer
262,1948-09-18,90,79,68,65,63,60,84,61,42,30.12,30.00,29.87,15,10,5,20,11,,0.02,0,Rain,209<br />,Chicago (IL),Summer
263,1948-09-19,91,80,69,70,67,64,87,65,42,29.88,29.84,29.79,10,9,5,17,8,,0.00,0,,219<br />,Chicago (IL),Summer
264,1948-09-20,77,72,68,70,67,65,96,89,78,29.94,29.86,29.81,10,4,2,12,6,,0.44,0,Fog-Rain-Thunderstorm,23<br />,Chicago (IL),Summer
265,1948-09-21,66,62,59,65,58,52,93,87,78,29.87,29.84,29.78,15,8,5,12,8,,0.06,0,Fog-Rain,82<br />,Chicago (IL),Summer
266,1948-09-22,64,60,53,51,47,43,80,63,45,29.95,29.92,29.88,15,12,7,13,8,,0.00,0,,46<br />,Chicago (IL),Autumn
267,1948-09-23,64,57,50,54,49,47,89,73,56,30.01,29.97,29.91,15,10,4,15,6,,0.00,0,,34<br />,Chicago (IL),Autumn
268,1948-09-24,66,58,50,51,49,47,93,70,49,30.21,30.11,30.01,15,10,2,13,5,,0.00,0,,31<br />,Chicago (IL),Autumn
269,1948-09-25,68,60,52,54,48,43,83,65,40,30.43,30.36,30.22,15,11,7,16,6,,0.00,0,,42<br />,Chicago (IL),Autumn
270,1948-09-26,70,61,52,55,50,45,97,67,41,30.53,30.48,30.43,15,11,4,16,7,,0.00,0,,41<br />,Chicago (IL),Autumn
271,1948-09-27,72,60,48,56,50,40,100,71,31,30.47,30.40,30.31,15,7,1,10,5,,0.00,0,Fog,11<br />,Chicago (IL),Autumn
272,1948-09-28,72,64,55,55,52,47,96,66,43,30.31,30.22,30.09,10,8,2,14,6,,0.00,0,Fog,33<br />,Chicago (IL),Autumn
273,1948-09-29,64,60,55,59,55,51,97,81,63,30.09,30.01,29.95,15,6,3,14,7,,0.26,0,Fog-Rain,76<br />,Chicago (IL),Autumn
274,1948-09-30,71,63,55,60,58,56,100,88,63,29.95,29.93,29.88,8,4,0,12,5,,0.06,0,Fog-Rain,218<br />,Chicago (IL),Autumn
275,1948-10-01,80,68,55,57,54,50,100,72,39,30.19,30.05,29.95,15,9,1,14,6,,0.00,0,Fog,292<br />,Chicago (IL),Autumn
276,1948-10-02,60,55,50,53,44,38,87,67,48,30.40,30.33,30.20,15,12,7,15,11,,0.00,0,,355<br />,Chicago (IL),Autumn
277,1948-10-03,57,54,51,41,37,33,64,52,40,30.51,30.45,30.41,15,14,10,12,8,,0.00,0,,59<br />,Chicago (IL),Autumn
278,1948-10-04,61,51,41,44,40,36,89,60,42,30.42,30.28,30.11,15,9,3,12,7,,0.00,0,,80<br />,Chicago (IL),Autumn
279,1948-10-05,64,60,55,49,46,41,75,63,50,30.10,30.01,29.93,9,5,3,13,7,,0.00,0,,108<br />,Chicago (IL),Autumn
280,1948-10-06,66,57,48,47,45,43,83,65,50,29.99,29.90,29.76,10,8,4,15,11,,0.00,0,,122<br />,Chicago (IL),Autumn
281,1948-10-07,54,49,44,50,44,39,93,82,66,29.74,29.62,29.48,10,8,2,18,13,,0.39,0,Fog-Rain,167<br />,Chicago (IL),Autumn
282,1948-10-08,53,48,43,47,43,40,100,86,61,29.82,29.76,29.69,10,6,3,15,7,,0.07,0,Fog-Rain,214<br />,Chicago (IL),Autumn
283,1948-10-09,57,52,45,48,36,25,97,60,30,29.88,29.82,29.79,15,10,2,28,13,,0.00,0,Fog,255<br />,Chicago (IL),Autumn
284,1948-10-10,59,49,39,36,32,26,76,56,32,29.89,29.83,29.77,15,12,8,16,10,,0.00,0,,241<br />,Chicago (IL),Autumn
285,1948-10-11,55,47,39,45,40,33,93,78,59,29.89,29.78,29.71,15,10,3,16,10,,0.04,0,Rain,257<br />,Chicago (IL),Autumn
286,1948-10-12,59,49,39,45,42,38,93,77,55,29.98,29.95,29.89,15,8,3,16,9,,0.00,0,,253<br />,Chicago (IL),Autumn
287,1948-10-13,64,52,41,47,44,40,96,78,48,30.08,30.00,29.95,8,4,1,16,7,,0.00,0,Fog,330<br />,Chicago (IL),Autumn
288,1948-10-14,66,51,36,47,43,36,100,74,47,30.20,30.14,30.08,10,5,0,7,3,,0.00,0,Fog,256<br />,Chicago (IL),Autumn
289,1948-10-15,70,56,42,45,41,38,89,60,35,30.17,30.03,29.84,15,7,3,17,8,,0.00,0,Rain,169<br />,Chicago (IL),Autumn
290,1948-10-16,61,56,48,56,43,33,83,61,41,30.14,29.95,29.78,15,10,3,18,12,,0.06,0,Rain-Thunderstorm,295<br />,Chicago (IL),Autumn
291,1948-10-17,46,38,28,31,19,14,61,50,38,30.38,30.28,30.16,15,13,6,21,13,,0.00,0,,316<br />,Chicago (IL),Autumn
292,1948-10-18,52,36,19,29,20,14,81,52,29,30.38,30.19,29.97,10,8,3,20,8,,0.00,0,,209<br />,Chicago (IL),Autumn
293,1948-10-19,55,45,35,36,30,20,76,57,27,30.23,30.08,29.96,15,8,3,16,8,,0.00,0,,302<br />,Chicago (IL),Autumn
294,1948-10-20,60,47,34,38,33,29,85,62,36,30.34,30.28,30.23,10,6,3,12,6,,0.00,0,,159<br />,Chicago (IL),Autumn
295,1948-10-21,50,44,39,43,36,30,89,70,56,30.29,30.25,30.22,10,5,3,14,10,,0.02,0,Rain,139<br />,Chicago (IL),Autumn
296,1948-10-22,63,54,45,46,43,39,90,71,48,30.27,30.19,30.12,10,6,3,12,7,,0.00,0,,198<br />,Chicago (IL),Autumn
297,1948-10-23,51,48,42,45,41,38,90,77,66,30.42,30.30,30.14,10,6,3,18,9,,0.00,0,,346<br />,Chicago (IL),Autumn
298,1948-10-24,57,50,42,47,44,41,100,81,67,30.47,30.42,30.37,10,5,0,9,6,,0.00,0,Fog,74<br />,Chicago (IL),Autumn
299,1948-10-25,60,51,42,44,42,38,100,85,53,30.41,30.33,30.25,10,3,0,12,8,,0.00,0,Fog,195<br />,Chicago (IL),Autumn
300,1948-10-26,70,53,36,50,40,34,96,70,33,30.27,30.22,30.17,8,4,0,12,6,,0.00,0,Fog,186<br />,Chicago (IL),Autumn
301,1948-10-27,69,56,42,44,42,40,92,68,39,30.25,30.20,30.15,10,4,2,9,6,,0.00,0,Fog,188<br />,Chicago (IL),Autumn
302,1948-10-28,69,56,44,43,39,36,77,59,37,30.24,30.20,30.16,10,3,1,6,3,,0.00,0,,169<br />,Chicago (IL),Autumn
303,1948-10-29,68,54,39,45,40,36,89,65,33,30.25,30.18,30.12,6,2,0,9,3,,0.00,0,,98<br />,Chicago (IL),Autumn
304,1948-10-30,75,60,46,56,44,37,90,60,27,30.13,30.02,29.94,10,6,3,18,8,,0.03,0,Rain,175<br />,Chicago (IL),Autumn
305,1948-10-31,61,54,46,58,55,46,100,96,90,30.02,29.96,29.93,10,3,0,7,5,,0.00,0,Fog,221<br />,Chicago (IL),Autumn
306,1948-11-01,66,56,45,53,50,45,100,89,59,30.16,30.11,30.03,10,1,0,8,3,,0.00,0,Fog,138<br />,Chicago (IL),Autumn
307,1948-11-02,60,55,50,52,51,50,100,89,75,30.12,30.03,29.88,10,4,1,13,6,,0.02,0,Fog-Rain,72<br />,Chicago (IL),Autumn
308,1948-11-03,57,55,53,56,54,51,100,96,93,29.87,29.67,29.56,10,3,1,10,8,,0.73,0,Fog-Rain,109<br />,Chicago (IL),Autumn
309,1948-11-04,66,60,53,57,54,51,93,82,68,29.66,29.58,29.45,10,6,2,15,10,,0.00,0,Fog-Rain,170<br />,Chicago (IL),Autumn
310,1948-11-05,64,56,48,58,54,42,97,85,70,29.44,29.40,29.30,15,9,3,20,16,,0.63,0,Rain,177<br />,Chicago (IL),Autumn
311,1948-11-06,52,48,41,46,39,33,86,71,54,29.94,29.67,29.35,15,14,10,25,18,,0.00,0,Rain,243<br />,Chicago (IL),Autumn
312,1948-11-07,55,46,37,35,29,22,83,59,29,30.27,30.17,29.96,15,13,4,15,11,,0.00,0,,236<br />,Chicago (IL),Autumn
313,1948-11-08,57,47,37,39,34,29,73,62,47,30.29,30.12,29.94,10,5,2,12,6,,0.00,0,,159<br />,Chicago (IL),Autumn
314,1948-11-09,48,42,36,46,39,32,97,84,71,29.88,29.73,29.63,15,8,2,18,10,,0.41,0,Fog-Rain,213<br />,Chicago (IL),Autumn
315,1948-11-10,45,38,30,31,27,24,85,69,44,30.08,29.92,29.73,15,11,3,15,11,,0.00,0,,224<br />,Chicago (IL),Autumn
316,1948-11-11,45,40,35,32,29,27,82,68,49,30.23,30.16,30.04,15,10,3,21,11,,0.00,0,,207<br />,Chicago (IL),Autumn
317,1948-11-12,51,44,37,44,39,32,97,81,61,30.18,30.00,29.87,15,7,2,25,10,,0.04,0,Fog-Rain,193<br />,Chicago (IL),Autumn
318,1948-11-13,39,36,33,37,33,29,100,86,70,30.22,30.10,29.88,10,6,1,13,9,,0.13,0,Rain-Snow,257<br />,Chicago (IL),Autumn
319,1948-11-14,48,39,30,37,33,27,92,74,61,30.16,30.01,29.90,15,13,7,20,13,,0.00,0,,234<br />,Chicago (IL),Autumn
320,1948-11-15,55,44,32,39,32,26,96,68,36,30.17,30.06,29.91,15,10,2,14,8,,0.00,0,,198<br />,Chicago (IL),Autumn
321,1948-11-16,59,50,42,54,45,36,93,85,73,29.90,29.68,29.38,15,9,3,36,14,,0.27,0,Fog-Rain,207<br />,Chicago (IL),Autumn
322,1948-11-17,51,44,36,36,32,29,82,66,48,30.00,29.92,29.69,15,12,5,23,15,,0.00,0,,218<br />,Chicago (IL),Autumn
323,1948-11-18,60,50,39,49,40,31,83,65,47,29.98,29.90,29.78,10,7,3,15,10,,0.01,0,Rain,118<br />,Chicago (IL),Autumn
324,1948-11-19,57,50,44,54,45,36,100,81,64,29.78,29.49,29.37,15,8,1,16,10,,0.06,0,Fog-Rain,138<br />,Chicago (IL),Autumn
325,1948-11-20,39,36,34,36,33,30,100,87,76,29.84,29.66,29.44,15,10,4,20,13,,0.05,0,Fog-Rain-Snow,214<br />,Chicago (IL),Autumn
326,1948-11-21,39,38,37,35,33,31,93,83,73,30.05,29.99,29.86,15,12,7,14,10,,0.00,0,Rain,233<br />,Chicago (IL),Autumn
327,1948-11-22,37,35,33,31,29,25,89,81,72,30.01,29.97,29.93,15,10,3,12,8,,0.00,0,Snow,266<br />,Chicago (IL),Autumn
328,1948-11-23,33,32,30,30,24,22,92,74,64,30.03,29.98,29.89,15,10,7,12,9,,0.00,0,Snow,213<br />,Chicago (IL),Autumn
329,1948-11-24,44,37,30,32,28,23,92,77,60,29.90,29.81,29.74,15,9,5,13,9,,0.00,0,,184<br />,Chicago (IL),Autumn
330,1948-11-25,51,42,33,40,35,30,89,75,63,29.79,29.73,29.65,10,7,5,17,11,,0.00,0,Rain,180<br />,Chicago (IL),Autumn
331,1948-11-26,46,41,34,40,36,30,93,79,62,29.84,29.72,29.63,15,7,3,12,8,,0.00,0,,255<br />,Chicago (IL),Autumn
332,1948-11-27,44,36,28,31,27,24,92,74,49,30.27,30.10,29.85,15,8,3,10,7,,0.00,0,,288<br />,Chicago (IL),Autumn
333,1948-11-28,39,36,32,34,31,27,93,77,62,30.23,30.15,30.07,10,7,3,16,9,,0.01,0,Rain-Snow,27<br />,Chicago (IL),Autumn
334,1948-11-29,44,37,30,31,28,24,96,77,53,30.17,30.11,30.07,15,9,3,14,9,,0.00,0,Snow,247<br />,Chicago (IL),Autumn
335,1948-11-30,39,32,25,30,23,13,85,68,49,30.32,30.17,30.06,10,8,5,15,11,,0.00,0,,261<br />,Chicago (IL),Autumn
336,1948-12-01,39,30,21,27,20,13,79,71,57,30.45,30.37,30.25,8,5,1,12,7,,0.00,0,,76<br />,Chicago (IL),Autumn
337,1948-12-02,50,39,28,35,28,22,92,72,52,30.22,30.10,30.03,10,4,3,13,8,,0.00,0,,184<br />,Chicago (IL),Autumn
338,1948-12-03,55,42,30,40,35,29,96,82,49,30.10,30.05,30.02,10,3,0,12,6,,0.00,0,Fog,188<br />,Chicago (IL),Autumn
339,1948-12-04,52,44,35,44,40,34,100,91,71,30.02,29.92,29.71,8,4,0,23,11,,0.00,0,Fog,0<br />,Chicago (IL),Autumn
340,1948-12-05,57,44,30,53,39,22,96,81,47,29.70,29.42,29.14,15,9,4,40,22,,0.25,0,Rain,193<br />,Chicago (IL),Autumn
341,1948-12-06,42,36,30,24,22,18,72,60,43,29.87,29.74,29.49,15,14,8,26,18,,0.00,0,,240<br />,Chicago (IL),Autumn
342,1948-12-07,35,30,23,21,18,15,78,63,48,29.89,29.86,29.80,15,10,7,13,10,,0.00,0,,279<br />,Chicago (IL),Autumn
343,1948-12-08,30,24,18,18,15,13,84,71,56,30.16,30.02,29.85,15,8,3,17,11,,0.00,0,,261<br />,Chicago (IL),Autumn
344,1948-12-09,27,22,16,18,15,12,88,75,55,30.31,30.23,30.16,8,5,2,13,6,,0.03,0,Snow,284<br />,Chicago (IL),Autumn
345,1948-12-10,21,18,16,14,10,6,81,69,55,30.49,30.38,30.27,10,8,5,13,10,,0.00,0,Snow,230<br />,Chicago (IL),Autumn
346,1948-12-11,42,32,21,33,23,10,83,68,60,30.24,29.95,29.78,10,8,5,20,13,,0.00,0,,181<br />,Chicago (IL),Autumn
347,1948-12-12,51,42,30,41,34,27,100,80,52,30.02,29.83,29.72,10,6,0,15,9,,0.00,0,Fog-Rain,219<br />,Chicago (IL),Autumn
348,1948-12-13,54,41,28,40,35,26,100,84,57,30.21,30.04,29.94,8,4,0,14,7,,0.00,0,Fog,162<br />,Chicago (IL),Autumn
349,1948-12-14,39,37,35,38,33,26,100,83,62,30.29,30.15,29.90,8,4,2,18,11,,0.68,0,Fog-Rain,59<br />,Chicago (IL),Autumn
350,1948-12-15,46,42,37,45,40,38,100,98,89,29.88,29.75,29.70,8,1,0,16,7,,0.53,0,Fog-Rain,83<br />,Chicago (IL),Autumn
351,1948-12-16,39,34,26,37,25,15,93,70,53,30.19,30.04,29.79,15,13,7,18,15,,0.00,0,,266<br />,Chicago (IL),Autumn
352,1948-12-17,32,26,19,21,15,13,81,66,54,30.35,30.30,30.22,15,10,3,17,10,,0.00,0,,295<br />,Chicago (IL),Autumn
353,1948-12-18,32,28,25,30,23,16,100,78,63,30.31,30.09,29.82,6,3,1,9,5,,0.17,0,Fog-Snow,99<br />,Chicago (IL),Autumn
354,1948-12-19,30,29,28,30,27,21,100,90,69,29.79,29.74,29.69,10,5,1,10,6,,0.10,0,Snow,183<br />,Chicago (IL),Autumn
355,1948-12-20,37,32,26,32,27,23,96,86,79,29.65,29.54,29.44,10,7,3,17,9,,0.02,0,Rain-Snow,202<br />,Chicago (IL),Winter
356,1948-12-21,39,34,27,34,27,21,86,74,57,30.07,29.73,29.44,15,12,8,23,14,,0.00,0,Rain,256<br />,Chicago (IL),Winter
357,1948-12-22,27,23,19,23,13,10,85,69,58,30.39,30.26,30.06,15,10,6,15,11,,0.00,0,,268<br />,Chicago (IL),Winter
358,1948-12-23,25,20,15,13,10,6,74,65,53,30.47,30.43,30.37,8,7,4,10,9,,0.00,0,,296<br />,Chicago (IL),Winter
359,1948-12-24,28,22,16,13,9,6,68,60,43,30.42,30.36,30.30,10,5,2,14,9,,0.00,0,,342<br />,Chicago (IL),Winter
360,1948-12-25,21,16,12,14,9,2,84,71,57,30.74,30.57,30.33,10,7,3,18,15,,0.01,0,Snow,340<br />,Chicago (IL),Winter
361,1948-12-26,25,16,7,10,4,-4,84,60,46,30.75,30.54,30.31,15,10,5,20,10,,0.00,0,,201<br />,Chicago (IL),Winter
362,1948-12-27,33,24,16,31,19,5,92,77,62,30.29,30.20,30.14,10,7,3,18,11,,0.00,0,Snow,216<br />,Chicago (IL),Winter
363,1948-12-28,37,29,21,36,28,17,97,88,72,30.14,29.94,29.68,10,4,2,12,9,,0.61,0,Fog-Rain,171<br />,Chicago (IL),Winter
364,1948-12-29,37,34,30,38,32,23,100,89,69,30.20,29.84,29.60,10,4,0,28,13,,0.38,0,Fog-Rain-Snow,9<br />,Chicago (IL),Winter
365,1948-12-30,32,28,21,26,17,11,88,64,47,30.39,30.34,30.22,15,10,5,20,15,,0.00,0,,1<br />,Chicago (IL),Winter
366,1948-12-31,34,25,16,17,15,12,88,71,46,30.31,30.23,30.16,10,6,2,12,8,,0.00,0,,280<br />,Chicago (IL),Winter